Dossier,Nom du fichier,Chemin complet,Taille estimée
"image","audio.webp","image/audio.webp","À déterminer"
"image","audiobook_ru.webp","image/audiobook_ru.webp","À déterminer"
"image","avis1.webp","image/avis1.webp","À déterminer"
"image","avis2.webp","image/avis2.webp","À déterminer"
"image","avis3.webp","image/avis3.webp","À déterminer"
"image","ballerina.webp","image/ballerina.webp","À déterminer"
"image","beauty_and_the_beast.webp","image/beauty_and_the_beast.webp","À déterminer"
"image","culture_ru.webp","image/culture_ru.webp","À déterminer"
"image","despicable_me_3.webp","image/despicable_me_3.webp","À déterminer"
"image","dessins-animes.webp","image/dessins-animes.webp","À déterminer"
"image","divers.webp","image/divers.webp","À déterminer"
"image","drakula.webp","image/drakula.webp","À déterminer"
"image","edge_of_tomorrow.webp","image/edge_of_tomorrow.webp","À déterminer"
"image","extraits.webp","image/extraits.webp","À déterminer"
"image","finding_dory.webp","image/finding_dory.webp","À déterminer"
"image","folklore_ru.webp","image/folklore_ru.webp","À déterminer"
"image","fr.webp","image/fr.webp","À déterminer"
"image","ghost_in_the_shell.webp","image/ghost_in_the_shell.webp","À déterminer"
"image","hare-icon.webp","image/hare-icon.webp","À déterminer"
"image","hero (1).webp","image/hero (1).webp","À déterminer"
"image","histoires-courtes.webp","image/histoires-courtes.webp","À déterminer"
"image","icon-fb.webp","image/icon-fb.webp","À déterminer"
"image","icon-listen.webp","image/icon-listen.webp","À déterminer"
"image","icon-read.webp","image/icon-read.webp","À déterminer"
"image","icon-responsive.webp","image/icon-responsive.webp","À déterminer"
"image","icon-teacher.webp","image/icon-teacher.webp","À déterminer"
"image","icon-translate.webp","image/icon-translate.webp","À déterminer"
"image","icon-twitter.webp","image/icon-twitter.webp","À déterminer"
"image","icon-video.webp","image/icon-video.webp","À déterminer"
"image","icon-youtube.webp","image/icon-youtube.webp","À déterminer"
"image","journee_de_la_femme.webp","image/journee_de_la_femme.webp","À déterminer"
"image","kong_skull_island.webp","image/kong_skull_island.webp","À déterminer"
"image","lieux_ru.webp","image/lieux_ru.webp","À déterminer"
"image","loader.gif","image/loader.gif","À déterminer"
"image","murder_on_the_orient_express.webp","image/murder_on_the_orient_express.webp","À déterminer"
"image","musique.webp","image/musique.webp","À déterminer"
"image","natacha.webp","image/natacha.webp","À déterminer"
"image","paris.webp","image/paris.webp","À déterminer"
"image","petes_dragon.webp","image/petes_dragon.webp","À déterminer"
"image","pirate_of_the_caribbean_5.webp","image/pirate_of_the_caribbean_5.webp","À déterminer"
"image","power_rangers.webp","image/power_rangers.webp","À déterminer"
"image","resident_evil_the_final_chapter.webp","image/resident_evil_the_final_chapter.webp","À déterminer"
"image","ru.webp","image/ru.webp","À déterminer"
"image","russian_bath.webp","image/russian_bath.webp","À déterminer"
"image","showcase.webp","image/showcase.webp","À déterminer"
"image","sidney.webp","image/sidney.webp","À déterminer"
"image","studied.webp","image/studied.webp","À déterminer"
"image","studying.webp","image/studying.webp","À déterminer"
"image","test.webp","image/test.webp","À déterminer"
"image","text.webp","image/text.webp","À déterminer"
"image","the_great_wall.webp","image/the_great_wall.webp","À déterminer"
"image","the_greatest_showman.webp","image/the_greatest_showman.webp","À déterminer"
"image","the_jungle_book.webp","image/the_jungle_book.webp","À déterminer"
"image","the_woman_in_the_window.webp","image/the_woman_in_the_window.webp","À déterminer"
"image","trailers.webp","image/trailers.webp","À déterminer"
"image","tranche-de-vie.webp","image/tranche-de-vie.webp","À déterminer"
"image","turtle-icon.webp","image/turtle-icon.webp","À déterminer"
"image","video.webp","image/video.webp","À déterminer"
"image","wrath_of_the_titans.webp","image/wrath_of_the_titans.webp","À déterminer"
"image/blog","cyrillic.webp","image/blog/cyrillic.webp","À déterminer"
"image/blog","moscow.webp","image/blog/moscow.webp","À déterminer"
"image/materials","audiobook_ru.webp","image/materials/audiobook_ru.webp","À déterminer"
"image/materials","avis1.webp","image/materials/avis1.webp","À déterminer"
"image/materials","avis2.webp","image/materials/avis2.webp","À déterminer"
"image/materials","avis3.webp","image/materials/avis3.webp","À déterminer"
"image/materials","ballerina.webp","image/materials/ballerina.webp","À déterminer"
"image/materials","beauty_and_the_beast.webp","image/materials/beauty_and_the_beast.webp","À déterminer"
"image/materials","culture_ru.webp","image/materials/culture_ru.webp","À déterminer"
"image/materials","cyrillic.webp","image/materials/cyrillic.webp","À déterminer"
"image/materials","despicable_me_3.webp","image/materials/despicable_me_3.webp","À déterminer"
"image/materials","dessins-animes.webp","image/materials/dessins-animes.webp","À déterminer"
"image/materials","divers.webp","image/materials/divers.webp","À déterminer"
"image/materials","drakula.webp","image/materials/drakula.webp","À déterminer"
"image/materials","edge_of_tomorrow.webp","image/materials/edge_of_tomorrow.webp","À déterminer"
"image/materials","extraits.webp","image/materials/extraits.webp","À déterminer"
"image/materials","finding_dory.webp","image/materials/finding_dory.webp","À déterminer"
"image/materials","folklore_ru.webp","image/materials/folklore_ru.webp","À déterminer"
"image/materials","fr.webp","image/materials/fr.webp","À déterminer"
"image/materials","ghost_in_the_shell.webp","image/materials/ghost_in_the_shell.webp","À déterminer"
"image/materials","hare-icon.webp","image/materials/hare-icon.webp","À déterminer"
"image/materials","hero (1).webp","image/materials/hero (1).webp","À déterminer"
"image/materials","histoires-courtes.webp","image/materials/histoires-courtes.webp","À déterminer"
"image/materials","icon-fb.webp","image/materials/icon-fb.webp","À déterminer"
"image/materials","icon-listen.webp","image/materials/icon-listen.webp","À déterminer"
"image/materials","icon-read.webp","image/materials/icon-read.webp","À déterminer"
"image/materials","icon-responsive.webp","image/materials/icon-responsive.webp","À déterminer"
"image/materials","icon-teacher.webp","image/materials/icon-teacher.webp","À déterminer"
"image/materials","icon-translate.webp","image/materials/icon-translate.webp","À déterminer"
"image/materials","icon-twitter.webp","image/materials/icon-twitter.webp","À déterminer"
"image/materials","icon-video.webp","image/materials/icon-video.webp","À déterminer"
"image/materials","icon-youtube.webp","image/materials/icon-youtube.webp","À déterminer"
"image/materials","journee_de_la_femme.webp","image/materials/journee_de_la_femme.webp","À déterminer"
"image/materials","kong_skull_island.webp","image/materials/kong_skull_island.webp","À déterminer"
"image/materials","lieux_ru.webp","image/materials/lieux_ru.webp","À déterminer"
"image/materials","livres.webp","image/materials/livres.webp","À déterminer"
"image/materials","moscou.webp","image/materials/moscou.webp","À déterminer"
"image/materials","murder_on_the_orient_express.webp","image/materials/murder_on_the_orient_express.webp","À déterminer"
"image/materials","musique.webp","image/materials/musique.webp","À déterminer"
"image/materials","natacha.webp","image/materials/natacha.webp","À déterminer"
"image/materials","paris.webp","image/materials/paris.webp","À déterminer"
"image/materials","petes_dragon.webp","image/materials/petes_dragon.webp","À déterminer"
"image/materials","pirate_of_the_caribbean_5.webp","image/materials/pirate_of_the_caribbean_5.webp","À déterminer"
"image/materials","power_rangers.webp","image/materials/power_rangers.webp","À déterminer"
"image/materials","resident_evil_the_final_chapter.webp","image/materials/resident_evil_the_final_chapter.webp","À déterminer"
"image/materials","ru.webp","image/materials/ru.webp","À déterminer"
"image/materials","russian_bath.webp","image/materials/russian_bath.webp","À déterminer"
"image/materials","showcase.webp","image/materials/showcase.webp","À déterminer"
"image/materials","sidney.webp","image/materials/sidney.webp","À déterminer"
"image/materials","studied.webp","image/materials/studied.webp","À déterminer"
"image/materials","studying.webp","image/materials/studying.webp","À déterminer"
"image/materials","test.webp","image/materials/test.webp","À déterminer"
"image/materials","text.webp","image/materials/text.webp","À déterminer"
"image/materials","the_great_wall.webp","image/materials/the_great_wall.webp","À déterminer"
"image/materials","the_greatest_showman.webp","image/materials/the_greatest_showman.webp","À déterminer"
"image/materials","the_jungle_book.webp","image/materials/the_jungle_book.webp","À déterminer"
"image/materials","the_woman_in_the_window.webp","image/materials/the_woman_in_the_window.webp","À déterminer"
"image/materials","trailers.webp","image/materials/trailers.webp","À déterminer"
"image/materials","tranche-de-vie.webp","image/materials/tranche-de-vie.webp","À déterminer"
"image/materials","turtle-icon.webp","image/materials/turtle-icon.webp","À déterminer"
"image/materials","video.webp","image/materials/video.webp","À déterminer"
"image/materials","wrath_of_the_titans.webp","image/materials/wrath_of_the_titans.webp","À déterminer"
"image/thumbnails","audio.webp","image/thumbnails/audio.webp","À déterminer"
"image/thumbnails","audiobook_ru.webp","image/thumbnails/audiobook_ru.webp","À déterminer"
"image/thumbnails","avis1.webp","image/thumbnails/avis1.webp","À déterminer"
"image/thumbnails","avis2.webp","image/thumbnails/avis2.webp","À déterminer"
"image/thumbnails","avis3.webp","image/thumbnails/avis3.webp","À déterminer"
"image/thumbnails","ballerina.webp","image/thumbnails/ballerina.webp","À déterminer"
"image/thumbnails","beauty_and_the_beast.webp","image/thumbnails/beauty_and_the_beast.webp","À déterminer"
"image/thumbnails","culture_ru.webp","image/thumbnails/culture_ru.webp","À déterminer"
"image/thumbnails","cyrillic.webp","image/thumbnails/cyrillic.webp","À déterminer"
"image/thumbnails","despicable_me_3.webp","image/thumbnails/despicable_me_3.webp","À déterminer"
"image/thumbnails","dessins-animes.webp","image/thumbnails/dessins-animes.webp","À déterminer"
"image/thumbnails","divers.webp","image/thumbnails/divers.webp","À déterminer"
"image/thumbnails","drakula.webp","image/thumbnails/drakula.webp","À déterminer"
"image/thumbnails","edge_of_tomorrow.webp","image/thumbnails/edge_of_tomorrow.webp","À déterminer"
"image/thumbnails","extraits.webp","image/thumbnails/extraits.webp","À déterminer"
"image/thumbnails","finding_dory.webp","image/thumbnails/finding_dory.webp","À déterminer"
"image/thumbnails","folklore_ru.webp","image/thumbnails/folklore_ru.webp","À déterminer"
"image/thumbnails","fr.webp","image/thumbnails/fr.webp","À déterminer"
"image/thumbnails","ghost_in_the_shell.webp","image/thumbnails/ghost_in_the_shell.webp","À déterminer"
"image/thumbnails","hare-icon.webp","image/thumbnails/hare-icon.webp","À déterminer"
"image/thumbnails","hero (1).webp","image/thumbnails/hero (1).webp","À déterminer"
"image/thumbnails","histoires-courtes.webp","image/thumbnails/histoires-courtes.webp","À déterminer"
"image/thumbnails","icon-fb.webp","image/thumbnails/icon-fb.webp","À déterminer"
"image/thumbnails","icon-listen.webp","image/thumbnails/icon-listen.webp","À déterminer"
"image/thumbnails","icon-read.webp","image/thumbnails/icon-read.webp","À déterminer"
"image/thumbnails","icon-responsive.webp","image/thumbnails/icon-responsive.webp","À déterminer"
"image/thumbnails","icon-teacher.webp","image/thumbnails/icon-teacher.webp","À déterminer"
"image/thumbnails","icon-translate.webp","image/thumbnails/icon-translate.webp","À déterminer"
"image/thumbnails","icon-twitter.webp","image/thumbnails/icon-twitter.webp","À déterminer"
"image/thumbnails","icon-video.webp","image/thumbnails/icon-video.webp","À déterminer"
"image/thumbnails","icon-youtube.webp","image/thumbnails/icon-youtube.webp","À déterminer"
"image/thumbnails","journee_de_la_femme.webp","image/thumbnails/journee_de_la_femme.webp","À déterminer"
"image/thumbnails","kong_skull_island.webp","image/thumbnails/kong_skull_island.webp","À déterminer"
"image/thumbnails","lieux_ru.webp","image/thumbnails/lieux_ru.webp","À déterminer"
"image/thumbnails","livres.webp","image/thumbnails/livres.webp","À déterminer"
"image/thumbnails","moscou.webp","image/thumbnails/moscou.webp","À déterminer"
"image/thumbnails","murder_on_the_orient_express.webp","image/thumbnails/murder_on_the_orient_express.webp","À déterminer"
"image/thumbnails","musique.webp","image/thumbnails/musique.webp","À déterminer"
"image/thumbnails","natacha.webp","image/thumbnails/natacha.webp","À déterminer"
"image/thumbnails","paris.webp","image/thumbnails/paris.webp","À déterminer"
"image/thumbnails","petes_dragon.webp","image/thumbnails/petes_dragon.webp","À déterminer"
"image/thumbnails","pirate_of_the_caribbean_5.webp","image/thumbnails/pirate_of_the_caribbean_5.webp","À déterminer"
"image/thumbnails","power_rangers.webp","image/thumbnails/power_rangers.webp","À déterminer"
"image/thumbnails","resident_evil_the_final_chapter.webp","image/thumbnails/resident_evil_the_final_chapter.webp","À déterminer"
"image/thumbnails","ru.webp","image/thumbnails/ru.webp","À déterminer"
"image/thumbnails","russian_bath.webp","image/thumbnails/russian_bath.webp","À déterminer"
"image/thumbnails","showcase.webp","image/thumbnails/showcase.webp","À déterminer"
"image/thumbnails","sidney.webp","image/thumbnails/sidney.webp","À déterminer"
"image/thumbnails","studied.webp","image/thumbnails/studied.webp","À déterminer"
"image/thumbnails","studying.webp","image/thumbnails/studying.webp","À déterminer"
"image/thumbnails","test.webp","image/thumbnails/test.webp","À déterminer"
"image/thumbnails","text.webp","image/thumbnails/text.webp","À déterminer"
"image/thumbnails","the_great_wall.webp","image/thumbnails/the_great_wall.webp","À déterminer"
"image/thumbnails","the_greatest_showman.webp","image/thumbnails/the_greatest_showman.webp","À déterminer"
"image/thumbnails","the_jungle_book.webp","image/thumbnails/the_jungle_book.webp","À déterminer"
"image/thumbnails","the_woman_in_the_window.webp","image/thumbnails/the_woman_in_the_window.webp","À déterminer"
"image/thumbnails","trailers.webp","image/thumbnails/trailers.webp","À déterminer"
"image/thumbnails","tranche-de-vie.webp","image/thumbnails/tranche-de-vie.webp","À déterminer"
"image/thumbnails","turtle-icon.webp","image/thumbnails/turtle-icon.webp","À déterminer"
"image/thumbnails","video.webp","image/thumbnails/video.webp","À déterminer"
"image/thumbnails","wrath_of_the_titans.webp","image/thumbnails/wrath_of_the_titans.webp","À déterminer"